group,conversions,users,conversion_rate,z_score,p_value
control,1381,45200,0.030553097345132743,15.593774308495568,0.0
treatment,2316,45357,0.05106157814670283,15.593774308495568,0.0
