feature,churned_mean,active_mean,t_test_p_value,mannwhitney_p_value
total_orders,1.0329408683436707,1.0377177048830004,0.08522790374332248,0.23891453211561042
total_revenue,165.2865917045644,164.4105823271717,0.7308580087888736,0.28221752745585504
avg_order_value,157.77852661683582,156.53159252192526,0.6052895110494787,0.49817915138031177
