feature,coefficient
days_since_last_order,32.631595624046376
total_revenue,0.24259707936118138
total_orders,-0.0007822572483864083
avg_order_value,-0.22980244041785108
