feature,coefficient
total_revenue,0.12533462476556048
total_orders,-0.02505353941696045
avg_order_value,-0.12158812409331667
